{
    "version": "0.95.10",
    "userCodeDir": null,
    "settings": {
        "isFirstRun": true,
        "serviceRunning": true,
        "menuTakesFocus": false,
        "showTrayIcon": true,
        "sortByUsageCount": true,
        "promptToSave": false,
        "enableQT4Workaround": false,
        "interfaceType": "XRecord",
        "undoUsingBackspace": true,
        "windowDefaultSize": [
            886,
            641
        ],
        "hPanePosition": 271,
        "columnWidths": [
            150,
            50,
            100
        ],
        "showToolbar": true,
        "notificationIcon": "autokey-status",
        "workAroundApps": ".*VirtualBox.*|krdc.Krdc",
        "triggerItemByInitial": false,
        "disabledModifiers": [],
        "scriptGlobals": {}
    },
    "folders": [],
    "toggleServiceHotkey": {
        "enabled": true,
        "modifiers": [
            "<shift>",
            "<super>"
        ],
        "hotKey": "k"
    },
    "configHotkey": {
        "enabled": true,
        "modifiers": [
            "<super>"
        ],
        "hotKey": "k"
    }
}